Kunde,Produkt,Holz,AuftragsID,Maschine,Dauer,_time,Umsatz,Gewicht
Fuchsbau,Regal,Tanne,5074-19kiomb-3300,Alpha,10.5,2021-07-05 12:48:18,52.66,2.958,
Immanuel Kantholz,Stuhl,Fichte,49209-4ymgzt-7674,Alpha,17.25,2021-07-05 12:48:18,108.08,6.216,
Weser Baumschule,Hocker,Fichte,10444-56kvcar-9546,Alpha,8.05,2021-07-05 12:48:19,42.96,2.274,
Porathholz,Tisch,Kiefer,15860-0mauhi-4057,Alpha,21.4,2021-07-05 12:48:19,170.09,21.147,
Fuchsbau,Tisch,Fichte,52078-4ejrdz-175,Beta,23.0,2021-07-05 12:48:20,177.33,21.02,
Walter Baumhaus,Regal,Fichte,43961-0suexl-8753,Beta,11.5,2021-07-05 12:48:20,53.98,3.0629999999999997,
BlumenExpress,Tablethalter,Kiefer,91886-772pqtcu-3166,Gamma,1.07,2021-07-05 12:48:21,6.17,1.228,
Immanuel Kantholz,Bank,Kiefer,87335-250zrjgw-2302,Gamma,12.84,2021-07-05 12:48:21,75.29,16.093,
Porathholz,Tisch,Buche,6705-0nombx-9370,Alpha,20.4,2021-07-05 12:48:24,175.03,20.855,
Porathholz,Tisch,Buche,6705-0nombx-9370,Alpha,20.4,2021-07-05 12:48:25,175.54,21.287,
Ecke,Schrank,Kiefer,89278-5mtqlz-4352,Beta,32.1,2021-07-05 12:48:26,248.3,50.84,
Herrmann Bretter,Bank,Buche,85885-722oxpsj-7052,Gamma,12.24,2021-07-05 12:48:27,78.92,15.764,
Fuchsbau,Tisch,Tanne,62262-244grtce-3169,Alpha,21.0,2021-07-05 12:48:30,168.46,20.516,
Fuchsbau,Tisch,Fichte,62262-244grtce-3169,Alpha,23.0,2021-07-05 12:48:31,177.68,21.289,
Immanuel Kantholz,Bank,Fichte,16743-7rscgy-1934,Beta,13.8,2021-07-05 12:48:32,80.62,15.864,
Ecke,Stuhl,Fichte,22630-9jtlvz-8486,Gamma,17.25,2021-07-05 12:48:33,107.46,5.7379999999999995,
Fuchsbau,Tisch,Fichte,77717-48dlufo-9382,Alpha,23.0,2021-07-05 12:55:55,177.55,21.19,
IDEA,Stuhl,Kiefer,65401-15sojgi-5566,Alpha,16.05,2021-07-05 12:55:55,105.48,5.768,
Fuchsbau,Tisch,Fichte,77717-48dlufo-9382,Alpha,23.0,2021-07-05 12:55:56,177.23,20.943,
Immanuel Kantholz,Stuhl,Kiefer,10242-0sckmb-4563,Alpha,16.05,2021-07-05 12:55:56,105.53,5.824,
Fuchsbau,Tisch,Fichte,77717-48dlufo-9382,Beta,23.0,2021-07-05 12:55:57,177.18,20.909,
Fuchsbau,Tisch,Fichte,88092-4vkuhp-7608,Beta,23.0,2021-07-05 12:55:57,177.27,20.975,
IDEA,Tisch,Birke,97748-520dyvos-1852,Gamma,20.8,2021-07-05 12:55:58,170.93,20.928,
IDEA,Tablethalter,Buche,48576-7lnhzv-5682,Gamma,1.02,2021-07-05 12:55:59,6.32,1.098,
BlumenExpress,Tablethalter,Kiefer,13196-0ekcau-9083,Alpha,1.07,2021-07-05 12:56:01,6.35,1.4200000000000002,
IDEA,Schrank,Buche,16249-46pfcua-7977,Alpha,30.6,2021-07-05 12:56:02,260.9,50.749,
Weser Baumschule,Schrank,Fichte,39325-0prfdt-9107,Beta,34.5,2021-07-05 12:56:03,266.16,50.89,
Fuchsbau,Tisch,Tanne,87661-0rmqgd-4366,Alpha,21.0,2021-07-05 12:56:04,168.95,21.057,
Immanuel Kantholz,Bank,Kiefer,58192-5jauew-8274,Gamma,12.84,2021-07-05 12:56:05,74.91,15.697,
Herrmann Bretter,Bank,Buche,2716-491rytwh-4721,Alpha,12.24,2021-07-05 12:56:07,79.46,16.213,
BlumenExpress,Tablethalter,Fichte,88953-823krpwh-3881,Alpha,1.15,2021-07-05 12:56:08,6.84,1.4180000000000001,
Herrmann Bretter,Bank,Buche,71031-259opxiq-9240,Beta,12.24,2021-07-05 12:56:09,79.52,16.267,
IDEA,Schrank,Kiefer,19647-0zdhsi-1421,Gamma,32.1,2021-07-05 12:56:10,248.47,51.026,
Fuchsbau,Tisch,Fichte,93882-0tyamw-3695,Beta,23.0,2021-07-05 12:56:11,177.22,20.937,
Hansen,Hocker,Kiefer,61335-5pxkyo-5982,Alpha,7.49,2021-07-05 12:58:39,41.88,1.982,
IDEA,Schrank,Birke,16747-0cuzin-7451,Alpha,31.2,2021-07-05 12:58:40,250.99,50.986,
Walter Baumhaus,Regal,Fichte,98340-1tmfwg-3631,Alpha,11.5,2021-07-05 12:58:40,53.96,3.043,
Fuchsbau,Tisch,Tanne,21118-74drgwe-9207,Alpha,21.0,2021-07-05 12:58:41,169.0,21.109,
Ecke,Schrank,Fichte,5302-0orfip-9973,Beta,34.5,2021-07-05 12:58:41,266.63,51.254,
IDEA,Schrank,Birke,2230-0ybuzg-8933,Beta,31.2,2021-07-05 12:58:42,251.26,51.26,
Herrmann Bretter,Bank,Buche,99417-9nfvtj-8989,Gamma,12.24,2021-07-05 12:58:42,78.72,15.602,
IDEA,Schrank,Buche,2230-0ybuzg-8933,Gamma,30.6,2021-07-05 12:58:43,261.5,51.25,
Herrmann Bretter,Bank,Birke,2760-634ojnec-203,Alpha,12.48,2021-07-05 12:58:45,76.24,16.24,
IDEA,Schrank,Kiefer,21530-69bzivq-6383,Alpha,32.1,2021-07-05 12:58:46,248.22,50.759,
IDEA,Stuhl,Birke,21530-69bzivq-6383,Beta,15.6,2021-07-05 12:58:47,106.0,5.998,
IDEA,Stuhl,Kiefer,21530-69bzivq-6383,Gamma,16.05,2021-07-05 12:58:48,105.76,6.0600000000000005,
IDEA,Regal,Birke,94220-884rsblv-5783,Alpha,10.4,2021-07-05 12:58:51,53.18,3.176,
Walter Baumhaus,Regal,Fichte,41279-625ertag-9038,Alpha,11.5,2021-07-05 12:58:52,54.03,3.101,
Fuchsbau,Tisch,Tanne,48714-94koyah-9946,Beta,21.0,2021-07-05 12:58:53,169.04,21.158,
Herrmann Bretter,Bank,Buche,67662-779zotdl-2871,Gamma,12.24,2021-07-05 12:58:54,78.59,15.493,
Herrmann Bretter,Bank,Buche,19851-71uohli-5398,Alpha,12.24,2021-07-05 13:02:11,78.9,15.754,
Fuchsbau,Regal,Fichte,19498-447gnolx-4104,Alpha,11.5,2021-07-05 13:02:11,53.78,2.9050000000000002,
Hansen,Tisch,Buche,63387-2qhncg-8122,Alpha,20.4,2021-07-05 13:02:12,175.09,20.908,
Herrmann Bretter,Bank,Buche,66776-422tfkca-1460,Alpha,12.24,2021-07-05 13:02:12,79.35,16.123,
Herrmann Bretter,Bank,Buche,18399-256fdget-3581,Beta,12.24,2021-07-05 13:02:13,78.84,15.697,
Walter Baumhaus,Regal,Fichte,84236-0ysack-7843,Beta,11.5,2021-07-05 13:02:14,53.93,3.026,
Schmidt Bretter,Stuhl,Fichte,12197-78rvekt-2343,Gamma,17.25,2021-07-05 13:02:14,108.14,6.2620000000000005,
Hansen,Hocker,Kiefer,24596-0soyer-5904,Gamma,7.49,2021-07-05 13:02:15,41.73,1.8199999999999998,
IDEA,Schrank,Kiefer,40774-517nafjw-5120,Alpha,32.1,2021-07-05 13:02:17,248.65,51.206,
Herrmann Bretter,Bank,Buche,16519-957caxen-213,Alpha,12.24,2021-07-05 13:02:18,79.45,16.206,
Porathholz,Tisch,Kiefer,43790-9wvtyi-9789,Beta,21.4,2021-07-05 13:02:19,169.94,20.985,
Hansen,Hocker,Kiefer,95371-0pvjcu-7057,Gamma,7.49,2021-07-05 13:02:20,42.08,2.1879999999999997,
Herrmann Bretter,Bank,Buche,84490-106ewqgp-2954,Alpha,12.24,2021-07-05 13:02:23,78.93,15.779,
Ecke,Stuhl,Kiefer,76524-8aklty-1039,Alpha,16.05,2021-07-05 13:02:24,105.45,5.732,
Porathholz,Tisch,Kiefer,14308-7bztny-3581,Beta,21.4,2021-07-05 13:02:25,170.36,21.427,
IDEA,Tisch,Birke,85146-14kuhil-3698,Gamma,20.8,2021-07-05 13:02:26,171.12,21.12,
IDEA,Tablethalter,Birke,55454-152mants-1892,Alpha,1.04,2021-07-05 13:02:28,6.28,1.276,
Herrmann Bretter,Bank,Birke,45060-97zpylo-9212,Alpha,12.48,2021-07-05 13:02:29,76.13,16.134,
Porathholz,Tisch,Buche,78482-0mykwi-7008,Beta,20.4,2021-07-05 13:02:30,175.1,20.916,
Fuchsbau,Tisch,Fichte,36730-24igwms-5282,Alpha,23.0,2021-07-05 13:02:31,177.33,21.022,
Herrmann Bretter,Bank,Buche,22727-896lobqe-9173,Gamma,12.24,2021-07-05 13:02:33,79.29,16.076,
Walter Baumhaus,Regal,Fichte,78438-22uzomf-5418,Alpha,11.5,2021-07-05 13:05:48,54.19,3.223,
IDEA,Regal,Fichte,80359-12ewdmr-2322,Alpha,11.5,2021-07-05 13:05:49,54.33,3.3280000000000003,
Porathholz,Tisch,Kiefer,6277-0uvlfd-8217,Alpha,21.4,2021-07-05 13:05:49,169.84,20.889,
BlumenExpress,Tablethalter,Kiefer,75556-293emqyw-7488,Beta,1.07,2021-07-05 13:05:50,6.16,1.224,
Porathholz,Tisch,Kiefer,6277-0uvlfd-8217,Alpha,21.4,2021-07-05 13:05:50,169.64,20.671,
Schmidt Bretter,Tisch,Tanne,70764-87mesuy-509,Gamma,21.0,2021-07-05 13:05:51,169.41,21.563,
IDEA,Tisch,Birke,36237-61csymw-9832,Beta,20.8,2021-07-05 13:05:51,170.81,20.806,
IDEA,Schrank,Buche,36237-61csymw-9832,Gamma,30.6,2021-07-05 13:05:52,260.77,50.639,
Blocksberg Besen,Truhe,Eiche,20186-0jfbdy-7120,Alpha,25.0,2021-07-05 13:05:55,75.41,41.28,
IDEA,Schrank,Birke,46138-0rlish-6917,Alpha,31.2,2021-07-05 13:05:56,251.51,51.508,
Porathholz,Tisch,Buche,65824-4rwgls-2496,Beta,20.4,2021-07-05 13:05:57,175.51,21.258,
Ecke,Schrank,Kiefer,23125-86nlvgo-7393,Gamma,32.1,2021-07-05 13:05:58,248.65,51.211,
Hansen,Hocker,Kiefer,39618-0akvie-9130,Alpha,7.49,2021-07-05 13:06:01,41.64,1.73,
Fuchsbau,Stuhl,Tanne,70483-59inyqu-9258,Alpha,15.75,2021-07-05 13:06:02,105.4,5.998,
IDEA,Schrank,Kiefer,1375-5kwajl-9492,Beta,32.1,2021-07-05 13:06:03,248.39,50.935,
Walter Baumhaus,Regal,Fichte,38476-0yidfb-9063,Gamma,11.5,2021-07-05 13:06:04,54.24,3.258,
IDEA,Regal,Kiefer,22026-0rdwub-787,Alpha,10.7,2021-07-05 13:06:06,52.81,2.9619999999999997,
IDEA,Schrank,Birke,22026-0rdwub-787,Alpha,31.2,2021-07-05 13:06:07,250.52,50.522,
Immanuel Kantholz,Stuhl,Kiefer,43625-650vlbio-2549,Beta,16.05,2021-07-05 13:06:08,105.66,5.962,
Walter Baumhaus,Regal,Birke,6604-93syzki-3838,Gamma,10.4,2021-07-05 13:06:09,52.77,2.773,
Herrmann Bretter,Bank,Buche,97098-0gusrz-4270,Alpha,12.24,2021-07-05 14:20:30,79.39,16.162,
Herrmann Bretter,Bank,Buche,97098-0gusrz-4270,Alpha,12.24,2021-07-05 14:20:31,79.05,15.876,
IDEA,Schrank,Birke,69494-6doejx-8680,Alpha,31.2,2021-07-05 14:20:31,250.96,50.957,
Fuchsbau,Stuhl,Tanne,19569-0eofzw-5260,Beta,15.75,2021-07-05 14:20:32,105.21,5.784,
Hansen,Tisch,Buche,34194-0rzeqy-9507,Alpha,20.4,2021-07-05 14:20:32,175.3,21.081,
Weser Baumschule,Hocker,Fichte,95049-37pontc-8460,Gamma,8.05,2021-07-05 14:20:33,42.4,1.8479999999999999,
BlumenExpress,Tablethalter,Kiefer,32298-0wgyzd-8999,Beta,1.07,2021-07-05 14:20:33,5.76,0.7949999999999999,
Hansen,Hocker,Buche,22731-0kioha-4194,Gamma,7.14,2021-07-05 14:20:34,42.08,1.732,
Weser Baumschule,Schrank,Fichte,60276-67iqsdt-1191,Alpha,34.5,2021-07-05 14:20:37,266.06,50.812,
Porathholz,Tisch,Kiefer,66345-0barcz-8018,Alpha,21.4,2021-07-05 14:20:38,169.92,20.965,
BlumenExpress,Tablethalter,Fichte,65929-66pkjbe-415,Beta,1.15,2021-07-05 14:20:39,6.45,1.117,
Ecke,Schrank,Kiefer,66314-2kbovq-7966,Gamma,32.1,2021-07-05 14:20:40,248.4,50.947,
IDEA,Schrank,Kiefer,63782-56kcyja-554,Alpha,32.1,2021-07-05 14:20:42,248.71,51.269,
BlumenExpress,Tablethalter,Kiefer,15504-7khpbt-3363,Alpha,1.07,2021-07-05 14:20:43,6.31,1.3760000000000001,
Immanuel Kantholz,Bank,Fichte,8257-80ehpzv-6507,Beta,13.8,2021-07-05 14:20:44,80.59,15.837,
Ecke,Schrank,Kiefer,55660-0hykel-9142,Gamma,32.1,2021-07-05 14:20:46,248.63,51.194,
Herrmann Bretter,Bank,Buche,20004-7qjvla-9618,Beta,12.24,2021-07-05 14:20:47,79.39,16.161,
Walter Baumhaus,Regal,Birke,81660-0cevpk-9433,Alpha,10.4,2021-07-05 14:20:48,52.91,2.9130000000000003,
Porathholz,Tisch,Buche,75523-0fjixp-4669,Alpha,20.4,2021-07-05 14:20:49,175.1,20.916,
IDEA,Schrank,Birke,94033-596cpxfb-2157,Beta,31.2,2021-07-05 14:20:50,250.67,50.673,
IDEA,Stuhl,Kiefer,94033-596cpxfb-2157,Gamma,16.05,2021-07-05 14:20:51,105.77,6.075,
Ecke,Schrank,Kiefer,6620-2mhtug-9323,Alpha,32.1,2021-07-05 14:21:13,248.69,51.249,
BlumenExpress,Truhe,Fichte,54663-7yzdwn-5623,Alpha,28.75,2021-07-05 14:21:14,83.19,40.919,
Porathholz,Tisch,Buche,74083-7oynje-5498,Alpha,20.4,2021-07-05 14:21:14,175.36,21.135,
Schmidt Bretter,Tisch,Tanne,59702-4otbqu-3428,Alpha,21.0,2021-07-05 14:21:15,168.78,20.862,
Herrmann Bretter,Bank,Buche,75784-30eybgh-4724,Beta,12.24,2021-07-05 14:21:15,79.2,15.998,
Porathholz,Tisch,Buche,86481-161fzaiy-5758,Beta,20.4,2021-07-05 14:21:16,175.16,20.967,
IDEA,Tisch,Buche,89454-0nfpka-4468,Gamma,20.4,2021-07-05 14:21:16,174.85,20.711,
IDEA,Schrank,Fichte,96807-4krxjd-3775,Gamma,34.5,2021-07-05 14:21:17,266.03,50.793,
Schmidt Bretter,Tisch,Tanne,40194-55ewbqu-7419,Alpha,21.0,2021-07-05 14:21:20,169.31,21.454,
Immanuel Kantholz,Stuhl,Fichte,55520-0bwtxi-7054,Alpha,17.25,2021-07-05 14:21:21,107.95,6.115,
Hansen,Hocker,Buche,74557-47hefnk-262,Beta,7.14,2021-07-05 14:21:22,41.88,1.565,
Herrmann Bretter,Bank,Buche,8931-0kuwht-5838,Gamma,12.24,2021-07-05 14:21:23,79.36,16.136,
IDEA,Regal,Buche,1400-6pdsug-8145,Alpha,10.2,2021-07-05 14:21:25,53.36,2.803,
IDEA,Stuhl,Kiefer,1400-6pdsug-8145,Alpha,16.05,2021-07-05 14:21:26,105.83,6.133,
Porathholz,Tisch,Buche,31973-9reldw-7701,Beta,20.4,2021-07-05 14:21:27,175.46,21.218,
Fuchsbau,Tisch,Tanne,11231-7poilv-9478,Gamma,21.0,2021-07-05 14:21:28,168.98,21.088,
Immanuel Kantholz,Stuhl,Fichte,52714-508pdruq-1836,Alpha,17.25,2021-07-05 14:21:31,107.66,5.896,
Fuchsbau,Tisch,Tanne,23809-9otzyf-5053,Alpha,21.0,2021-07-05 14:21:32,168.59,20.657,
Schmidt Bretter,Tisch,Tanne,13154-380qdvwa-4438,Beta,21.0,2021-07-05 14:21:33,168.97,21.078,
IDEA,Regal,Birke,84672-0ymtbi-5685,Gamma,10.4,2021-07-05 14:21:34,52.87,2.868,
Herrmann Bretter,Bank,Buche,91487-8yrkzc-3635,Alpha,12.24,2021-07-05 14:22:58,79.72,16.435,
IDEA,Stuhl,Buche,18158-6qaeus-2075,Alpha,15.3,2021-07-05 14:22:59,107.43,6.1899999999999995,
Fuchsbau,Tisch,Fichte,40208-778dpibm-6467,Alpha,23.0,2021-07-05 14:22:59,177.63,21.253,
Fuchsbau,Tisch,Tanne,40222-34vindp-4074,Alpha,21.0,2021-07-05 14:23:00,168.77,20.859,
Schmidt Bretter,Tisch,Tanne,10749-411lvypz-9475,Beta,21.0,2021-07-05 14:23:00,169.05,21.162,
Ecke,Schrank,Kiefer,24729-0pruwm-1103,Beta,32.1,2021-07-05 14:23:01,248.33,50.876,
IDEA,Tisch,Kiefer,54463-67npeva-6003,Gamma,21.4,2021-07-05 14:23:01,169.78,20.816,
IDEA,Stuhl,Birke,10617-934jrafu-8654,Gamma,15.6,2021-07-05 14:23:02,105.52,5.515,
Herrmann Bretter,Bank,Buche,76707-765qfxun-1047,Alpha,12.24,2021-07-05 14:23:13,79.12,15.934,
Schmidt Bretter,Tisch,Tanne,78870-76peigl-364,Alpha,21.0,2021-07-05 14:23:17,168.76,20.839,
Weser Baumschule,Schrank,Buche,19196-0ayifg-4013,Beta,30.6,2021-07-05 14:23:23,261.13,50.941,
Immanuel Kantholz,Bank,Fichte,9907-0ldbjy-7669,Gamma,13.8,2021-07-05 14:23:23,80.62,15.864,
Walter Baumhaus,Regal,Fichte,58838-974tfuec-3571,Beta,11.5,2021-07-05 14:23:24,53.78,2.91,
Immanuel Kantholz,Bank,Kiefer,9141-131yjgvq-4499,Alpha,12.84,2021-07-05 14:23:33,75.29,16.093,
IDEA,Tisch,Birke,67842-488fewlj-7655,Alpha,20.8,2021-07-05 14:23:35,170.93,20.932,
IDEA,Regal,Kiefer,85123-5xrpiw-9873,Gamma,10.7,2021-07-05 14:23:36,53.06,3.222,
Schmidt Bretter,Stuhl,Tanne,96435-790idmxg-1192,Gamma,15.75,2021-07-05 14:23:36,105.61,6.235,
IDEA,Regal,Birke,46177-69dfqhk-3451,Beta,10.4,2021-07-05 14:23:38,53.03,3.033,
Fuchsbau,Tisch,Tanne,30430-412qvjha-9762,Beta,21.0,2021-07-05 14:23:44,168.82,20.907,
Fuchsbau,Tisch,Tanne,74406-5lwvjc-1092,Alpha,21.0,2021-07-05 14:23:47,168.69,20.767,
IDEA,Regal,Kiefer,22586-86qlhjp-8452,Gamma,10.7,2021-07-05 14:23:49,52.94,3.092,
IDEA,Schrank,Kiefer,26364-7qjshz-3857,Alpha,32.1,2021-07-05 14:23:51,248.42,50.965,
IDEA,Regal,Birke,26364-7qjshz-3857,Alpha,10.4,2021-07-05 14:23:52,53.1,3.099,
IDEA,Tisch,Kiefer,26364-7qjshz-3857,Beta,21.4,2021-07-05 14:23:53,170.04,21.09,
IDEA,Stuhl,Fichte,26364-7qjshz-3857,Gamma,17.25,2021-07-05 14:23:54,108.02,6.171,
Schmidt Bretter,Tisch,Tanne,87558-3dufwa-465,Beta,21.0,2021-07-05 14:24:04,168.74,20.818,
Fuchsbau,Tisch,Fichte,95745-13zobtp-545,Gamma,23.0,2021-07-05 14:24:16,177.22,20.935,
IDEA,Regal,Kiefer,64116-482obsqc-6473,Beta,10.7,2021-07-05 14:24:22,52.89,3.041,
Fuchsbau,Stuhl,Tanne,70874-55kylcr-3003,Alpha,15.75,2021-07-05 14:24:25,105.23,5.8149999999999995,
Blocksberg Besen,Truhe,Buche,49540-7vepos-411,Alpha,25.5,2021-07-05 14:24:36,79.36,41.134,
Porathholz,Stuhl,Kiefer,17350-0qferb-5556,Gamma,16.05,2021-07-05 14:24:38,105.8,6.106,
Porathholz,Tisch,Buche,7666-38fiugk-4284,Alpha,20.4,2021-07-05 14:24:43,175.47,21.221,
Fuchsbau,Tisch,Fichte,89464-144edvwf-511,Alpha,23.0,2021-07-05 14:24:44,177.14,20.88,
IDEA,Schrank,Birke,77036-89shpoq-5442,Beta,31.2,2021-07-05 14:24:45,250.45,50.455,
IDEA,Tisch,Birke,77036-89shpoq-5442,Gamma,20.8,2021-07-05 14:24:46,171.09,21.095,
IDEA,Stuhl,Birke,77036-89shpoq-5442,Alpha,15.6,2021-07-05 14:25:05,105.74,5.743,
IDEA,Tisch,Birke,77036-89shpoq-5442,Beta,20.8,2021-07-05 14:25:08,170.84,20.842,
Fuchsbau,Stuhl,Fichte,53485-4wbfct-2574,Gamma,17.25,2021-07-05 14:25:19,107.84,6.027,
IDEA,Regal,Buche,76986-0facnm-7947,Beta,10.2,2021-07-05 14:25:25,53.32,2.767,
IDEA,Schrank,Kiefer,76986-0facnm-7947,Alpha,32.1,2021-07-05 14:25:27,248.33,50.874,
Porathholz,Stuhl,Kiefer,22212-0flqdt-2855,Alpha,16.05,2021-07-05 14:25:34,105.56,5.85,
IDEA,Schrank,Kiefer,50637-1lfdot-5805,Alpha,32.1,2021-07-05 14:25:35,248.48,51.028,
Schmidt Bretter,Tisch,Tanne,15789-18hacip-2358,Beta,21.0,2021-07-05 14:25:36,168.76,20.842,
Schmidt Bretter,Regal,Fichte,15789-18hacip-2358,Gamma,11.5,2021-07-05 14:25:37,54.19,3.223,
Schmidt Bretter,Stuhl,Tanne,15789-18hacip-2358,Alpha,15.75,2021-07-05 14:25:53,105.56,6.173,
Porathholz,Stuhl,Kiefer,81789-0gmctv-2987,Gamma,16.05,2021-07-05 14:25:59,105.4,5.684,
Fuchsbau,Tisch,Fichte,30779-4auhzl-8041,Alpha,23.0,2021-07-05 14:26:05,177.47,21.132,
Herrmann Bretter,Bank,Buche,10376-0ejgfw-9911,Beta,12.24,2021-07-05 14:26:10,79.2,15.999,
Fuchsbau,Tisch,Tanne,9944-0cnwxd-7156,Gamma,21.0,2021-07-05 14:26:15,169.11,21.228,
Hansen,Hocker,Buche,99803-0ylrmw-6895,Alpha,7.14,2021-07-05 14:26:22,42.67,2.2279999999999998,
Fuchsbau,Stuhl,Fichte,32595-39neomi-1899,Alpha,17.25,2021-07-05 15:53:01,107.57,5.821,
IDEA,Stuhl,Birke,17140-2ohjni-353,Alpha,15.6,2021-07-05 15:53:02,105.92,5.924,
IDEA,Regal,Buche,36654-54gwzqo-2482,Alpha,10.2,2021-07-05 15:53:02,53.96,3.2969999999999997,
IDEA,Schrank,Birke,17140-2ohjni-353,Beta,31.2,2021-07-05 15:53:03,251.18,51.183,
Hansen,Hocker,Buche,35655-41guftk-2186,Alpha,7.14,2021-07-05 15:53:03,42.61,2.178,
Porathholz,Tisch,Buche,16361-0ekvmt-9608,Gamma,20.4,2021-07-05 15:53:04,175.2,20.999,
BlumenExpress,Tablethalter,Fichte,21783-9rvlaj-164,Beta,1.15,2021-07-05 15:53:04,6.42,1.092,
Herrmann Bretter,Bank,Buche,29399-6nucdz-2750,Gamma,12.24,2021-07-05 15:53:05,79.24,16.037,
Herrmann Bretter,Bank,Buche,29399-6nucdz-2750,Gamma,12.24,2021-07-05 15:53:07,79.16,15.97,
Walter Baumhaus,Regal,Fichte,13777-765xvyzi-6792,Beta,11.5,2021-07-05 15:53:12,53.57,2.748,
Ecke,Stuhl,Kiefer,76937-98xjmuk-2073,Alpha,16.05,2021-07-05 15:53:14,105.73,6.029,
Herrmann Bretter,Bank,Buche,29098-0kojcy-7639,Beta,12.24,2021-07-05 15:53:19,78.88,15.733,
Porathholz,Tisch,Buche,8196-0rywxb-6592,Alpha,20.4,2021-07-05 15:53:20,175.04,20.87,
IDEA,Stuhl,Kiefer,19511-0ambzo-9793,Gamma,16.05,2021-07-05 15:53:20,106.08,6.396,
BlumenExpress,Tablethalter,Kiefer,95821-0hgmop-9554,Beta,1.07,2021-07-05 15:53:25,6.24,1.301,
Fuchsbau,Tisch,Fichte,60909-0fzups-4405,Alpha,23.0,2021-07-05 15:53:26,177.72,21.324,
BlumenExpress,Truhe,Fichte,24188-229tkjge-5844,Alpha,28.75,2021-07-05 15:53:29,83.01,40.778,
Fuchsbau,Tisch,Tanne,63305-35xuntf-9424,Alpha,21.0,2021-07-05 15:53:33,168.38,20.421,
IDEA,Regal,Birke,93872-38hvrmp-7374,Gamma,10.4,2021-07-05 15:53:36,53.02,3.021,
IDEA,Tisch,Buche,74981-0wheqt-6824,Gamma,20.4,2021-07-05 15:53:38,174.93,20.777,
Ecke,Schrank,Kiefer,21752-0lmnbv-528,Beta,32.1,2021-07-05 15:53:40,248.18,50.711,
Weser Baumschule,Hocker,Fichte,68969-0iqtju-9094,Beta,8.05,2021-07-05 15:53:43,42.78,2.1390000000000002,
BlumenExpress,Tablethalter,Kiefer,58534-4nwtim-7040,Alpha,1.07,2021-07-05 15:53:52,6.05,1.105,
Weser Baumschule,Schrank,Fichte,65208-848gbqec-3555,Alpha,34.5,2021-07-05 15:53:53,266.28,50.986,
IDEA,Schrank,Birke,16014-464dlguz-3620,Alpha,31.2,2021-07-05 15:53:54,251.16,51.161,
Walter Baumhaus,Regal,Fichte,51658-5mbrsc-5995,Beta,11.5,2021-07-05 15:53:55,53.61,2.7800000000000002,
Porathholz,Stuhl,Kiefer,37354-0iznyo-7535,Gamma,16.05,2021-07-05 15:53:56,105.81,6.118,
IDEA,Schrank,Birke,86988-153royju-4253,Gamma,31.2,2021-07-05 15:54:09,250.88,50.883,
Ecke,Schrank,Kiefer,62068-304dvwbe-9748,Alpha,32.1,2021-07-05 15:54:09,248.57,51.124,
Ecke,Stuhl,Kiefer,21540-0nkctq-9907,Alpha,16.05,2021-07-05 15:54:10,105.66,5.959,
Fuchsbau,Regal,Tanne,38117-828dnlwv-7586,Alpha,10.5,2021-07-05 15:54:10,52.81,3.12,
Porathholz,Tisch,Buche,14184-0ptgqn-9200,Alpha,20.4,2021-07-05 15:54:11,175.28,21.065,
IDEA,Schrank,Buche,10686-6rqfus-1544,Beta,30.6,2021-07-05 15:54:11,260.96,50.799,
Fuchsbau,Tisch,Tanne,68724-49vbnsp-1272,Beta,21.0,2021-07-05 15:54:12,168.84,20.929,
IDEA,Tisch,Kiefer,10686-6rqfus-1544,Gamma,21.4,2021-07-05 15:54:12,169.65,20.683,
Fuchsbau,Stuhl,Fichte,68724-49vbnsp-1272,Gamma,17.25,2021-07-05 15:54:13,108.2,6.309,
Schmidt Bretter,Stuhl,Fichte,92540-17coksx-8206,Beta,17.25,2021-07-05 15:54:22,107.66,5.894,
IDEA,Schrank,Kiefer,86988-153royju-4253,Gamma,32.1,2021-07-05 15:54:26,248.55,51.11,
Ecke,Stuhl,Fichte,44899-2pkyqe-2480,Beta,17.25,2021-07-05 15:54:28,107.82,6.0169999999999995,
IDEA,Regal,Birke,3418-0zaucj-2377,Alpha,10.4,2021-07-05 15:54:28,53.02,3.021,
Herrmann Bretter,Bank,Buche,58239-731iykxe-9857,Alpha,12.24,2021-07-05 15:54:30,79.64,16.369,
Blocksberg Besen,Truhe,Eiche,17773-0mgzfa-3861,Beta,25.0,2021-07-05 15:54:33,74.94,40.859,
IDEA,Schrank,Kiefer,83834-0skhrm-2991,Gamma,32.1,2021-07-05 15:54:34,248.31,50.852,
Fuchsbau,Regal,Tanne,53596-36jcufv-7389,Alpha,10.5,2021-07-05 15:54:43,52.74,3.0469999999999997,
Ecke,Stuhl,Fichte,42286-50rumho-2414,Beta,17.25,2021-07-05 15:54:44,108.17,6.281,
Ecke,Stuhl,Fichte,30925-6czrty-2556,Beta,17.25,2021-07-05 15:54:44,108.16,6.275,
IDEA,Tisch,Fichte,33024-9weoan-5122,Gamma,23.0,2021-07-05 15:54:45,176.93,20.719,
Porathholz,Tisch,Kiefer,37995-0chlsk-2698,Alpha,21.4,2021-07-05 15:54:45,169.61,20.64,
Porathholz,Tisch,Buche,70427-9sdjby-2361,Alpha,20.4,2021-07-05 15:54:46,175.4,21.168,
IDEA,Schrank,Birke,31953-36tgaqp-5859,Alpha,31.2,2021-07-05 15:54:46,251.13,51.126,
IDEA,Regal,Kiefer,31953-36tgaqp-5859,Beta,10.7,2021-07-05 15:54:47,53.2,3.37,
Weser Baumschule,Hocker,Fichte,2755-29fxjvk-3538,Gamma,8.05,2021-07-05 15:54:48,42.49,1.9180000000000001,
Fuchsbau,Tisch,Fichte,74473-35rcjai-3688,Beta,23.0,2021-07-05 15:54:55,177.25,20.962,
Fuchsbau,Regal,Fichte,9765-1tqwas-7849,Gamma,11.5,2021-07-05 15:54:59,53.85,2.96,
Porathholz,Stuhl,Kiefer,69245-266brqdw-8295,Gamma,16.05,2021-07-05 15:54:59,105.51,5.804,
Porathholz,Tisch,Buche,88491-123adevu-7161,Alpha,20.4,2021-07-05 15:55:01,174.98,20.818,
Fuchsbau,Tisch,Fichte,46679-43zwqvh-1295,Alpha,23.0,2021-07-05 15:55:02,177.22,20.941,
Ecke,Stuhl,Fichte,4608-4kbudx-7854,Beta,17.25,2021-07-05 15:55:03,107.57,5.822,
Porathholz,Tisch,Buche,9974-86zutan-3525,Gamma,20.4,2021-07-05 15:55:04,175.26,21.053,
Porathholz,Tisch,Buche,69245-266brqdw-8295,Alpha,20.4,2021-07-05 15:55:08,175.32,21.102,
Fuchsbau,Tisch,Fichte,65047-1bwosa-3835,Gamma,23.0,2021-07-05 15:55:09,177.42,21.095,
Weser Baumschule,Schrank,Buche,25913-23xlgty-172,Beta,30.6,2021-07-05 15:55:20,260.93,50.775,
Fuchsbau,Regal,Tanne,39780-0xbmep-2126,Gamma,10.5,2021-07-05 15:55:22,52.78,3.089,
Herrmann Bretter,Bank,Buche,42584-6sntdw-2749,Alpha,12.24,2021-07-05 15:55:23,79.17,15.973,
Hansen,Hocker,Buche,99351-73bmhfq-4993,Alpha,7.14,2021-07-05 15:55:26,41.99,1.659,
Fuchsbau,Regal,Tanne,17305-170vnyqg-8370,Beta,10.5,2021-07-05 15:55:26,52.6,2.891,
Porathholz,Tisch,Kiefer,10495-2sughp-8739,Gamma,21.4,2021-07-05 15:55:31,169.72,20.756,
IDEA,Regal,Fichte,82729-0wtnzk-3393,Alpha,11.5,2021-07-05 15:55:34,53.91,3.011,
Fuchsbau,Tisch,Fichte,4958-96xwhlp-9440,Alpha,23.0,2021-07-05 15:55:36,177.11,20.854,
Herrmann Bretter,Bank,Buche,87451-4axktv-6886,Alpha,12.24,2021-07-05 15:55:37,78.63,15.521,
BlumenExpress,Tablethalter,Kiefer,74573-0ckzna-6695,Beta,1.07,2021-07-05 15:55:38,5.8,0.845,
Porathholz,Tisch,Kiefer,70740-4mpvsd-6413,Gamma,21.4,2021-07-05 15:55:39,170.31,21.376,
Schmidt Bretter,Tisch,Tanne,79847-84bauzl-3841,Beta,21.0,2021-07-05 15:55:39,168.75,20.829,
Immanuel Kantholz,Stuhl,Kiefer,21791-828cbsvp-4615,Gamma,16.05,2021-07-05 15:55:41,105.18,5.45,
Porathholz,Tisch,Buche,21859-0tfnwo-6758,Gamma,20.4,2021-07-05 15:55:44,175.23,21.028,
IDEA,Tisch,Buche,64571-10srohg-1063,Alpha,20.4,2021-07-05 15:55:46,175.38,21.148,
IDEA,Schrank,Buche,47023-38zrbnw-2022,Beta,30.6,2021-07-05 15:55:51,261.27,51.055,
BlumenExpress,Tablethalter,Fichte,44629-0yvxpa-544,Alpha,1.15,2021-07-05 15:55:52,6.4,1.078,
Herrmann Bretter,Bank,Buche,43318-0qucwv-5555,Alpha,12.24,2021-07-05 15:55:53,79.31,16.095,
IDEA,Regal,Fichte,83697-37dylmf-2187,Beta,11.5,2021-07-05 15:55:54,54.08,3.138,
BlumenExpress,Tablethalter,Fichte,6083-602dmxhy-4070,Alpha,1.15,2021-07-05 15:55:55,6.38,1.062,
Herrmann Bretter,Bank,Buche,62942-4exmhd-421,Gamma,12.24,2021-07-05 15:55:56,79.26,16.052,
Schmidt Bretter,Tisch,Tanne,79150-3ngboe-3560,Gamma,21.0,2021-07-05 15:55:58,168.93,21.035,
Fuchsbau,Tisch,Tanne,44269-0minba-1574,Alpha,21.0,2021-07-05 15:56:00,169.09,21.207,
BlumenExpress,Tablethalter,Kiefer,71745-2uzlat-4959,Gamma,1.07,2021-07-05 15:56:03,5.98,1.033,
IDEA,Schrank,Buche,75792-92xzvhe-4620,Alpha,30.6,2021-07-05 15:56:07,261.25,51.042,
Fuchsbau,Regal,Fichte,30744-65gbjiq-4578,Beta,11.5,2021-07-05 15:56:08,53.83,2.944,
Schmidt Bretter,Tisch,Tanne,49173-82aysjp-210,Beta,21.0,2021-07-05 15:56:09,169.01,21.121,
Herrmann Bretter,Bank,Buche,73921-8hasum-2793,Beta,12.24,2021-07-05 15:56:11,79.29,16.079,
Porathholz,Tisch,Buche,85489-448yvlqj-2934,Gamma,20.4,2021-07-05 15:56:11,175.23,21.024,
Blocksberg Besen,Truhe,Buche,85716-80hkqmp-3565,Gamma,25.5,2021-07-05 15:56:24,79.26,41.05,
Herrmann Bretter,Bank,Birke,73921-8hasum-2793,Gamma,12.48,2021-07-05 15:56:25,76.22,16.22,
Fuchsbau,Tisch,Tanne,67763-2biham-2629,Alpha,21.0,2021-07-05 15:56:29,168.83,20.924,
Fuchsbau,Tisch,Tanne,67763-2biham-2629,Beta,21.0,2021-07-05 15:56:40,169.43,21.584,
BlumenExpress,Tablethalter,Kiefer,11141-0znjde-8768,Alpha,1.07,2021-07-05 15:56:43,6.31,1.3800000000000001,
Hansen,Hocker,Kiefer,57594-85cwfaz-9123,Alpha,7.49,2021-07-05 15:56:44,41.89,1.994,
BlumenExpress,Tablethalter,Kiefer,42850-994loawm-6619,Beta,1.07,2021-07-05 15:56:45,6.24,1.306,
IDEA,Tisch,Birke,80986-32lvwyb-9816,Alpha,20.8,2021-07-05 15:56:46,170.8,20.799,
Fuchsbau,Tisch,Fichte,12107-518lxjiq-3531,Gamma,23.0,2021-07-05 15:56:47,177.49,21.146,
IDEA,Tisch,Birke,68506-510fdpmn-24,Alpha,20.8,2021-07-05 15:56:48,171.19,21.186,
IDEA,Regal,Kiefer,68506-510fdpmn-24,Beta,10.7,2021-07-05 15:56:53,52.95,3.1020000000000003,
Fuchsbau,Tisch,Tanne,51906-82uglip-636,Gamma,21.0,2021-07-05 15:57:08,168.51,20.568,
IDEA,Stuhl,Birke,41956-14caenz-4926,Alpha,15.6,2021-07-05 15:57:11,106.22,6.224,
BlumenExpress,Tablethalter,Kiefer,90055-0pjuhs-1556,Beta,1.07,2021-07-05 15:57:14,6.14,1.204,
IDEA,Tisch,Kiefer,71438-616srcwv-98,Gamma,21.4,2021-07-05 15:57:20,169.88,20.931,
Porathholz,Tisch,Buche,2272-0jldfq-6757,Gamma,20.4,2021-07-05 15:57:22,175.35,21.121,
IDEA,Tablethalter,Kiefer,71363-0jnrgv-850,Beta,1.07,2021-07-05 15:57:31,6.19,1.248,
Fuchsbau,Tisch,Fichte,50783-0frcum-879,Alpha,23.0,2021-07-05 15:57:33,177.01,20.776,
IDEA,Schrank,Birke,86814-99hqrve-5153,Alpha,31.2,2021-07-05 16:33:17,251.12,51.119,
Weser Baumschule,Hocker,Fichte,63058-4cvkeo-643,Alpha,8.05,2021-07-05 16:33:18,42.74,2.108,
Hansen,Hocker,Kiefer,24567-236mudgz-1066,Alpha,7.49,2021-07-05 16:33:18,41.63,1.714,
Porathholz,Tisch,Kiefer,6732-926qehva-6438,Alpha,21.4,2021-07-05 16:33:19,170.06,21.12,
Blocksberg Besen,Truhe,Eiche,23100-0yhkld-7106,Beta,25.0,2021-07-05 16:33:19,75.38,41.25,
Porathholz,Tisch,Buche,6732-926qehva-6438,Beta,20.4,2021-07-05 16:33:20,175.02,20.846,
Porathholz,Tisch,Buche,68463-807ixzjg-8962,Gamma,20.4,2021-07-05 16:33:20,175.41,21.175,
IDEA,Schrank,Kiefer,68065-7zqdiy-5797,Gamma,32.1,2021-07-05 16:33:21,248.53,51.081,
Porathholz,Tisch,Buche,68463-807ixzjg-8962,Beta,20.4,2021-07-05 16:33:28,174.95,20.791,
Porathholz,Tisch,Kiefer,37278-92ovhnw-5865,Alpha,21.4,2021-07-05 16:33:28,170.06,21.115,
Porathholz,Tisch,Buche,37278-92ovhnw-5865,Beta,20.4,2021-07-05 16:33:43,175.4,21.166,
Ecke,Schrank,Kiefer,76898-15ldafs-1083,Gamma,32.1,2021-07-05 16:33:44,248.11,50.638,
Immanuel Kantholz,Stuhl,Fichte,1487-5qhzsg-1172,Gamma,17.25,2021-07-05 16:33:46,107.87,6.053,
IDEA,Schrank,Birke,81350-830pmdjc-3418,Beta,31.2,2021-07-05 16:33:50,250.74,50.744,
IDEA,Schrank,Kiefer,81350-830pmdjc-3418,Alpha,32.1,2021-07-05 16:33:52,248.36,50.906,
Weser Baumschule,Hocker,Buche,56593-31vhrny-3345,Alpha,7.14,2021-07-05 16:34:04,41.6,1.335,
BlumenExpress,Truhe,Kiefer,48312-0vzcsf-46,Beta,26.75,2021-07-05 16:34:07,68.7,40.736,
Herrmann Bretter,Bank,Buche,11150-42zukjc-1169,Gamma,12.24,2021-07-05 16:34:08,78.88,15.737,
Fuchsbau,Regal,Tanne,73782-0hkeic-4734,Beta,10.5,2021-07-05 16:34:09,52.65,2.942,
IDEA,Stuhl,Kiefer,42882-5zglrh-1854,Alpha,16.05,2021-07-05 16:34:12,105.85,6.154,
Fuchsbau,Tisch,Fichte,89384-34kshnx-3878,Alpha,23.0,2021-07-05 16:34:13,176.81,20.623,
Schmidt Bretter,Tisch,Fichte,45167-49sonjr-5719,Beta,23.0,2021-07-05 16:34:14,177.79,21.375,
IDEA,Regal,Kiefer,83303-0ewjbf-5460,Gamma,10.7,2021-07-05 16:34:15,53.14,3.308,
Fuchsbau,Tisch,Tanne,34143-4ezhrn-7410,Alpha,21.0,2021-07-05 16:34:31,169.25,21.391,
Porathholz,Tisch,Buche,4591-91rlwke-6213,Beta,20.4,2021-07-05 16:34:39,175.16,20.969,
BlumenExpress,Truhe,Kiefer,43134-761psgrc-2280,Gamma,26.75,2021-07-05 16:34:40,69.03,41.08,
IDEA,Stuhl,Birke,84721-8objga-8464,Alpha,15.6,2021-07-05 16:34:43,106.1,6.096,
Blocksberg Besen,Tablethalter,Buche,91169-6kbewi-9442,Beta,1.02,2021-07-05 16:35:01,6.27,1.056,
IDEA,Regal,Buche,61637-4yzqru-2100,Gamma,10.2,2021-07-05 16:35:02,53.72,3.096,
IDEA,Schrank,Fichte,61637-4yzqru-2100,Gamma,34.5,2021-07-05 16:35:04,266.49,51.148,
Porathholz,Stuhl,Buche,47087-678cuiwb-7054,Alpha,15.3,2021-07-05 16:35:06,107.03,5.86,
Fuchsbau,Tisch,Tanne,45937-8mfkph-795,Alpha,21.0,2021-07-05 16:35:07,169.03,21.143,
Ecke,Stuhl,Fichte,11721-5tyksa-9236,Beta,17.25,2021-07-05 16:35:08,108.21,6.3149999999999995,
Fuchsbau,Tisch,Tanne,89428-7fdqok-8006,Gamma,21.0,2021-07-05 16:35:09,169.25,21.387,
IDEA,Schrank,Birke,51510-99ahqpy-850,Alpha,31.2,2021-07-05 16:35:24,251.23,51.233,
Fuchsbau,Tisch,Fichte,76644-7nwrko-6255,Gamma,23.0,2021-07-05 16:35:28,177.3,21.002,
IDEA,Schrank,Buche,38714-11mabgu-6883,Beta,30.6,2021-07-05 16:35:30,261.54,51.287,
Fuchsbau,Tisch,Fichte,54421-7yhkql-9723,Alpha,23.0,2021-07-05 16:35:46,177.28,20.985,
IDEA,Schrank,Birke,23982-16udjih-1754,Beta,31.2,2021-07-05 16:35:55,250.97,50.97,
Fuchsbau,Tisch,Fichte,16535-943fzcxm-2403,Alpha,23.0,2021-07-05 16:36:00,177.25,20.961,
Herrmann Bretter,Bank,Buche,16201-2ntpzs-2797,Alpha,12.24,2021-07-05 16:36:01,79.49,16.245,
Porathholz,Tisch,Kiefer,7978-3ranfe-4614,Beta,21.4,2021-07-05 16:36:02,170.0,21.051,
Schmidt Bretter,Tisch,Tanne,74889-96enptr-8443,Gamma,21.0,2021-07-05 16:36:03,168.68,20.757,
Weser Baumschule,Hocker,Buche,1850-34sodpk-8754,Beta,7.14,2021-07-05 16:36:16,42.52,2.1,
Hansen,Hocker,Buche,51050-0acjrk-7426,Alpha,7.14,2021-07-05 16:36:26,42.7,2.249,
Fuchsbau,Tisch,Fichte,80994-610iyudr-7140,Gamma,23.0,2021-07-05 16:36:27,177.31,21.006,
Walter Baumhaus,Regal,Fichte,19564-2qtsjw-643,Alpha,11.5,2021-07-05 16:36:30,53.99,3.0700000000000003,
BlumenExpress,Tablethalter,Fichte,10438-6ronud-3742,Alpha,1.15,2021-07-05 16:36:31,6.47,1.129,
BlumenExpress,Tablethalter,Fichte,19342-5vpbqm-6954,Alpha,1.15,2021-07-05 16:36:31,7.0,1.5350000000000001,
IDEA,Regal,Fichte,84741-87zqlhk-7970,Beta,11.5,2021-07-05 16:36:32,54.09,3.1470000000000002,
Fuchsbau,Tisch,Fichte,27231-0tvqgn-3886,Alpha,23.0,2021-07-05 16:36:32,177.66,21.279,
IDEA,Schrank,Birke,60814-145heskr-4464,Beta,31.2,2021-07-05 16:36:33,251.25,51.248,
Porathholz,Tisch,Kiefer,39258-9wypgo-9167,Alpha,21.4,2021-07-05 16:36:34,169.97,21.018,
BlumenExpress,Tablethalter,Kiefer,97030-0yoviq-8827,Alpha,1.07,2021-07-05 16:36:34,6.23,1.291,
Herrmann Bretter,Bank,Buche,34221-3ntdwg-6641,Alpha,12.24,2021-07-05 16:36:34,78.88,15.736,
IDEA,Stuhl,Birke,95999-9sljac-5310,Alpha,15.6,2021-07-05 16:36:35,105.98,5.978,
BlumenExpress,Tablethalter,Fichte,96539-512xmegd-1441,Alpha,1.15,2021-07-05 16:36:35,6.8,1.385,
Walter Baumhaus,Regal,Birke,95030-9iufbg-5288,Gamma,10.4,2021-07-05 16:36:36,53.28,3.284,
Herrmann Bretter,Bank,Birke,34221-3ntdwg-6641,Alpha,12.48,2021-07-05 16:36:36,75.85,15.854,
Schmidt Bretter,Tisch,Fichte,53136-70cqjle-5323,Alpha,23.0,2021-07-05 16:36:36,177.1,20.844,
Hansen,Tisch,Buche,53594-53qpjhg-3462,Beta,20.4,2021-07-05 16:36:37,174.99,20.825,
Porathholz,Tisch,Kiefer,49684-87dkleq-8130,Beta,21.4,2021-07-05 16:36:37,170.29,21.358,
Weser Baumschule,Schrank,Buche,59508-2jzpvq-8419,Beta,30.6,2021-07-05 16:36:38,260.93,50.773,
Schmidt Bretter,Tisch,Fichte,66732-0almxd-8304,Gamma,23.0,2021-07-05 16:36:38,177.47,21.127,
Hansen,Hocker,Buche,16675-9ejguk-8563,Beta,7.14,2021-07-05 16:36:39,41.91,1.592,
IDEA,Regal,Kiefer,38691-9rbzwy-8286,Alpha,10.7,2021-07-05 16:36:40,53.04,3.2030000000000003,
IDEA,Schrank,Kiefer,38691-9rbzwy-8286,Alpha,32.1,2021-07-05 16:36:41,248.16,50.697,
IDEA,Stuhl,Kiefer,38691-9rbzwy-8286,Beta,16.05,2021-07-05 16:36:42,105.79,6.091,
Fuchsbau,Tisch,Tanne,53251-0lxazq-9027,Alpha,21.0,2021-07-05 16:36:44,168.8,20.888,
IDEA,Tablethalter,Birke,15211-0idftm-8217,Alpha,1.04,2021-07-05 16:36:45,6.67,1.6740000000000002,
Fuchsbau,Tisch,Tanne,65562-4cebuq-79,Beta,21.0,2021-07-05 16:36:46,169.04,21.157,
Weser Baumschule,Hocker,Buche,60519-311klsmi-2807,Alpha,7.14,2021-07-05 16:36:47,42.37,1.975,
Schmidt Bretter,Tisch,Tanne,57716-639kvyzo-2481,Alpha,21.0,2021-07-05 16:36:48,169.06,21.173000000000002,
BlumenExpress,Tablethalter,Kiefer,64372-23wlxpb-40,Alpha,1.07,2021-07-05 16:36:48,6.33,1.405,
Blocksberg Besen,Truhe,Buche,92993-18gwtrz-723,Beta,25.5,2021-07-05 16:36:49,79.48,41.237,
IDEA,Schrank,Buche,72982-0volxt-566,Alpha,30.6,2021-07-05 16:36:49,261.28,51.064,
Weser Baumschule,Schrank,Fichte,18909-0qzchw-8969,Gamma,34.5,2021-07-05 16:36:50,266.21,50.93,
IDEA,Schrank,Buche,72982-0volxt-566,Beta,30.6,2021-07-05 16:36:50,261.19,50.994,
Weser Baumschule,Schrank,Buche,5147-0gliou-679,Alpha,30.6,2021-07-05 16:36:53,260.97,50.812,
IDEA,Schrank,Birke,37011-2bujvs-1341,Alpha,31.2,2021-07-05 16:36:54,250.86,50.856,
BlumenExpress,Tablethalter,Kiefer,5820-47nwxcg-1699,Beta,1.07,2021-07-05 16:36:55,5.99,1.039,
Ecke,Stuhl,Kiefer,89881-0zwmuh-1868,Alpha,16.05,2021-07-05 16:36:56,105.66,5.959,
Herrmann Bretter,Bank,Buche,61810-804lpygf-1657,Alpha,12.24,2021-07-05 16:36:57,79.25,16.044,
Weser Baumschule,Hocker,Buche,97731-0lmsog-1995,Beta,7.14,2021-07-05 16:36:59,42.01,1.6760000000000002,
IDEA,Schrank,Fichte,82018-3kzgqb-9562,Alpha,34.5,2021-07-05 16:37:00,266.22,50.942,
Immanuel Kantholz,Bank,Kiefer,82426-132bwlfm-8407,Alpha,12.84,2021-07-05 16:37:01,74.95,15.735,
Walter Baumhaus,Regal,Birke,48191-0gobic-8216,Beta,10.4,2021-07-05 16:37:02,53.1,3.1020000000000003,
Ecke,Stuhl,Kiefer,17813-683cvrnj-4455,Alpha,16.05,2021-07-05 16:38:31,105.93,6.241,
IDEA,Tisch,Fichte,3766-5oefvs-9235,Alpha,23.0,2021-07-05 16:38:32,177.8,21.381,
Herrmann Bretter,Bank,Buche,85754-43bwglv-597,Alpha,12.24,2021-07-05 16:38:32,78.89,15.739,
BlumenExpress,Truhe,Kiefer,63022-39vemdg-2746,Alpha,26.75,2021-07-05 16:38:33,68.82,40.863,
IDEA,Tisch,Kiefer,40858-880mshcz-3339,Beta,21.4,2021-07-05 16:38:33,170.23,21.296,
Ecke,Stuhl,Kiefer,57760-22wtabs-3307,Beta,16.05,2021-07-05 16:38:34,105.79,6.099,
IDEA,Schrank,Birke,68863-66osphj-1397,Alpha,31.2,2021-07-05 16:38:36,251.01,51.007,
Hansen,Tisch,Kiefer,43932-0ugxlv-9539,Alpha,21.4,2021-07-05 16:38:37,169.68,20.72,
IDEA,Stuhl,Kiefer,77000-982wubeh-7332,Beta,16.05,2021-07-05 16:38:38,105.63,5.926,
IDEA,Schrank,Buche,32878-2rbemp-6470,Alpha,30.6,2021-07-05 16:38:39,261.51,51.256,
BlumenExpress,Truhe,Kiefer,40703-353kopym-2637,Alpha,26.75,2021-07-05 16:38:40,68.63,40.664,
Fuchsbau,Tisch,Tanne,93454-190bkcxi-1658,Beta,21.0,2021-07-05 16:38:41,168.88,20.979,
BlumenExpress,Tablethalter,Kiefer,34868-314teaux-1288,Alpha,1.07,2021-07-05 16:38:43,5.9,0.95,
Weser Baumschule,Hocker,Fichte,39640-0qsgid-8221,Alpha,8.05,2021-07-05 16:38:44,42.19,1.681,
IDEA,Tisch,Birke,42345-9eowvi-337,Beta,20.8,2021-07-05 16:38:45,171.31,21.305,
Fuchsbau,Tisch,Fichte,23409-79pejya-858,Alpha,23.0,2021-07-05 17:04:00,177.13,20.868,
Fuchsbau,Tisch,Tanne,23409-79pejya-858,Alpha,21.0,2021-07-05 17:04:01,168.9,21.005,
BlumenExpress,Tablethalter,Kiefer,30936-914kuigr-3771,Alpha,1.07,2021-07-05 17:04:01,6.5,1.582,
Porathholz,Tisch,Kiefer,40255-7xzvpy-9759,Beta,21.4,2021-07-05 17:04:02,169.91,20.961,
Ecke,Schrank,Kiefer,17144-7enhoj-3363,Alpha,32.1,2021-07-05 17:04:02,248.52,51.071,
IDEA,Stuhl,Kiefer,73710-3uiotv-1726,Gamma,16.05,2021-07-05 17:04:03,105.48,5.768,
Porathholz,Tisch,Buche,63969-74wmzvn-6165,Beta,20.4,2021-07-05 17:04:03,175.17,20.973,
IDEA,Regal,Fichte,37353-0wizsy-1609,Alpha,11.5,2021-07-05 17:04:04,53.9,3.001,
IDEA,Stuhl,Birke,6690-7brwfk-6389,Alpha,15.6,2021-07-05 17:04:06,105.96,5.959,
Herrmann Bretter,Bank,Buche,7900-281ozlta-7439,Alpha,12.24,2021-07-05 17:04:07,79.01,15.839,
Fuchsbau,Stuhl,Tanne,93715-7zxepj-2125,Beta,15.75,2021-07-05 17:04:08,105.81,6.454,
Herrmann Bretter,Bank,Buche,75852-55dzrso-3250,Gamma,12.24,2021-07-05 17:04:09,79.62,16.353,
Fuchsbau,Tisch,Tanne,6911-40fcbnw-1052,Alpha,21.0,2021-07-05 17:04:11,168.85,20.945,
IDEA,Stuhl,Kiefer,50577-91agzkv-4663,Alpha,16.05,2021-07-05 17:04:12,105.73,6.034,
IDEA,Stuhl,Buche,50577-91agzkv-4663,Beta,15.3,2021-07-05 17:04:13,107.13,5.939,
Weser Baumschule,Hocker,Buche,50277-81pozjc-8050,Gamma,7.14,2021-07-05 17:04:14,41.96,1.633,
Ecke,Stuhl,Kiefer,88511-893wqvpu-2359,Alpha,16.05,2021-07-05 17:04:16,105.71,6.008,
IDEA,Regal,Kiefer,31201-572xeyqs-2920,Alpha,10.7,2021-07-05 17:04:17,52.87,3.02,
IDEA,Schrank,Birke,31201-572xeyqs-2920,Beta,31.2,2021-07-05 17:04:18,251.22,51.225,
Weser Baumschule,Hocker,Buche,4709-483rezaw-5903,Gamma,7.14,2021-07-05 17:04:19,42.14,1.7810000000000001,
Herrmann Bretter,Bank,Birke,84590-47xzova-8601,Alpha,12.48,2021-07-05 17:45:58,75.94,15.941,
IDEA,Regal,Birke,70587-4noqiy-8544,Alpha,10.4,2021-07-05 17:45:59,53.17,3.173,
Herrmann Bretter,Bank,Buche,84590-47xzova-8601,Alpha,12.24,2021-07-05 17:45:59,79.35,16.125,
Schmidt Bretter,Tisch,Fichte,48498-88lprqv-7105,Alpha,23.0,2021-07-05 17:46:00,177.16,20.896,
Herrmann Bretter,Bank,Buche,28202-5cqmoe-3856,Alpha,12.24,2021-07-05 17:46:01,79.03,15.858,
Immanuel Kantholz,Bank,Fichte,1439-0idhxu-8576,Alpha,13.8,2021-07-05 17:46:02,80.75,15.961,
Walter Baumhaus,Regal,Birke,61208-225sgjoh-8262,Alpha,10.4,2021-07-05 17:46:04,52.98,2.98,
Fuchsbau,Tisch,Tanne,19337-0oqkwt-7375,Alpha,21.0,2021-07-05 17:46:05,169.18,21.311,
Schmidt Bretter,Tisch,Tanne,52501-0krlgb-8915,Alpha,21.0,2021-07-05 17:46:06,169.09,21.209,
BlumenExpress,Truhe,Fichte,45132-7rntpa-2110,Alpha,28.75,2021-07-05 17:46:07,83.24,40.953,
IDEA,Stuhl,Kiefer,71625-5yzuen-801,Alpha,16.05,2021-07-05 17:59:02,105.7,6.002,
Weser Baumschule,Hocker,Buche,43885-209vkbia-3087,Alpha,7.14,2021-07-05 17:59:03,42.41,2.011,
Schmidt Bretter,Tisch,Tanne,15422-0dtzpg-9277,Alpha,21.0,2021-07-05 17:59:03,169.04,21.158,
IDEA,Stuhl,Birke,77765-0dxant-9078,Alpha,15.6,2021-07-05 17:59:04,105.86,5.857,
Schmidt Bretter,Tisch,Tanne,15422-0dtzpg-9277,Beta,21.0,2021-07-05 17:59:04,169.3,21.441,
BlumenExpress,Tablethalter,Kiefer,28283-602proxb-7350,Beta,1.07,2021-07-05 17:59:05,6.07,1.123,
IDEA,Schrank,Birke,63921-872yqwkd-4116,Gamma,31.2,2021-07-05 17:59:05,251.04,51.037,
Schmidt Bretter,Regal,Tanne,37474-0mtiuk-5243,Gamma,10.5,2021-07-05 17:59:06,52.42,2.694,
IDEA,Tisch,Birke,60888-5haycw-1501,Alpha,20.8,2021-07-05 17:59:09,170.67,20.666,
IDEA,Schrank,Birke,60888-5haycw-1501,Alpha,31.2,2021-07-05 17:59:10,251.12,51.118,
BlumenExpress,Tablethalter,Fichte,54792-0amhqr-6318,Beta,1.15,2021-07-05 17:59:11,6.94,1.49,
Hansen,Hocker,Buche,86083-151bhnif-5341,Gamma,7.14,2021-07-05 17:59:12,42.52,2.097,
IDEA,Schrank,Kiefer,61713-9gfzhb-7147,Alpha,32.1,2021-07-05 17:59:15,248.63,51.189,
BlumenExpress,Tablethalter,Kiefer,95979-0lqwgo-7524,Alpha,1.07,2021-07-05 17:59:16,6.06,1.119,
IDEA,Schrank,Birke,88589-26gesna-9774,Beta,31.2,2021-07-05 17:59:17,251.04,51.039,
Ecke,Stuhl,Kiefer,18961-2lbysp-3935,Gamma,16.05,2021-07-05 17:59:18,105.72,6.023,
Blocksberg Besen,Tablethalter,Buche,33151-364vzwuo-500,Beta,1.02,2021-07-05 17:59:19,6.81,1.506,
Porathholz,Tisch,Buche,17443-0iljav-182,Alpha,20.4,2021-07-05 17:59:20,175.37,21.144,
Herrmann Bretter,Bank,Buche,77365-1kxisw-8249,Alpha,12.24,2021-07-05 17:59:21,78.89,15.739,
Porathholz,Tisch,Buche,25896-265flihr-2012,Beta,20.4,2021-07-05 17:59:22,175.2,21.003,
Fuchsbau,Tisch,Fichte,53489-5mkvby-1300,Gamma,23.0,2021-07-05 17:59:23,177.19,20.914,
Hansen,Hocker,Kiefer,62265-0ufgab-1428,Alpha,7.49,2021-07-05 18:14:44,42.13,2.247,
Walter Baumhaus,Regal,Fichte,73634-43tgpvz-762,Alpha,11.5,2021-07-05 18:14:45,53.45,2.6550000000000002,
Hansen,Tisch,Buche,69242-0fsotb-4689,Alpha,20.4,2021-07-05 18:15:50,175.05,20.875,
Fuchsbau,Tisch,Fichte,27755-34jgfiv-3867,Alpha,23.0,2021-07-05 18:15:51,177.08,20.834,
Porathholz,Tisch,Kiefer,33104-0firek-4956,Alpha,21.4,2021-07-06 09:25:52,169.88,20.924,
Weser Baumschule,Schrank,Buche,96387-2tfvzp-8414,Alpha,30.6,2021-07-06 09:25:53,261.08,50.904,
Immanuel Kantholz,Bank,Kiefer,98127-794cmwog-4745,Beta,12.84,2021-07-06 09:25:54,75.24,16.037,
Immanuel Kantholz,Bank,Fichte,98127-794cmwog-4745,Gamma,13.8,2021-07-06 09:25:55,81.04,16.188,
IDEA,Regal,Birke,68433-4kuvdn-1340,Alpha,10.4,2021-07-06 09:29:48,52.87,2.8689999999999998,
Fuchsbau,Tisch,Fichte,23684-462wsykp-254,Alpha,23.0,2021-07-06 09:29:49,177.89,21.453,
IDEA,Tisch,Birke,70361-2dlxkr-8006,Beta,20.8,2021-07-06 09:29:50,171.16,21.159,
Immanuel Kantholz,Bank,Fichte,25513-0xerad-2601,Gamma,13.8,2021-07-06 09:29:51,81.0,16.152,
Fuchsbau,Tisch,Tanne,38921-0jkexi-9472,Alpha,21.0,2021-07-06 09:31:35,169.02,21.129,
Walter Baumhaus,Regal,Birke,30494-0rvcyh-8361,Alpha,10.4,2021-07-06 09:31:36,52.86,2.8609999999999998,
Porathholz,Tisch,Kiefer,77684-85pchgs-8772,Beta,21.4,2021-07-06 09:31:37,169.75,20.789,
Ecke,Stuhl,Kiefer,73264-432fskpa-4200,Gamma,16.05,2021-07-06 09:31:38,105.61,5.9,
Schmidt Bretter,Tisch,Fichte,63391-9qhsnu-6731,Alpha,23.0,2021-07-06 09:33:58,177.8,21.386,
IDEA,Schrank,Kiefer,59949-205ntmxo-5769,Alpha,32.1,2021-07-06 09:33:59,248.47,51.017,
Hansen,Hocker,Kiefer,505-0mzbci-2047,Beta,7.49,2021-07-06 09:34:00,41.79,1.8820000000000001,
Ecke,Stuhl,Fichte,79688-0hrpwu-3458,Gamma,17.25,2021-07-06 09:34:01,107.69,5.917,
IDEA,Stuhl,Birke,68717-0jeonv-7335,Gamma,15.6,2021-07-06 09:34:09,105.77,5.773,
Weser Baumschule,Schrank,Buche,38303-9wdtlc-1643,Alpha,30.6,2021-07-06 10:32:58,261.52,51.267,
Porathholz,Tisch,Kiefer,32091-0izoex-9497,Alpha,21.4,2021-07-06 10:34:25,169.95,20.996,
IDEA,Schrank,Fichte,25625-0wvjmc-4143,Alpha,34.5,2021-07-06 10:37:28,266.65,51.273,
Herrmann Bretter,Bank,Buche,49430-1poxuz-7950,Alpha,12.24,2021-07-06 10:40:09,79.24,16.036,
BlumenExpress,Tablethalter,Kiefer,69889-39spiyz-8841,Alpha,1.07,2021-07-06 10:40:10,6.24,1.304,
IDEA,Regal,Birke,84921-665mwshd-2733,Beta,10.4,2021-07-06 10:40:11,52.72,2.715,
Fuchsbau,Tisch,Tanne,84428-22hrwqu-4394,Gamma,21.0,2021-07-06 10:40:12,168.44,20.494,
Weser Baumschule,Hocker,Fichte,69814-52gkoql-4482,Beta,8.05,2021-07-06 10:40:13,42.74,2.107,
Blocksberg Besen,Truhe,Buche,88863-1rxalo-7552,Alpha,25.5,2021-07-06 10:40:24,79.34,41.118,
Schmidt Bretter,Tisch,Fichte,49887-0gspcy-1505,Gamma,23.0,2021-07-06 10:40:25,177.04,20.798000000000002,
IDEA,Schrank,Kiefer,59683-3ymdbo-3138,Alpha,32.1,2021-07-06 13:33:33,248.06,50.59,
Walter Baumhaus,Regal,Fichte,87195-6jqtid-3340,Alpha,11.5,2021-07-06 13:33:34,54.08,3.1399999999999997,
Blocksberg Besen,Truhe,Eiche,54207-9qjxtu-6965,Beta,25.0,2021-07-06 13:33:35,75.0,40.909,
IDEA,Tablethalter,Birke,38644-6rizxc-3236,Gamma,1.04,2021-07-06 13:33:36,6.13,1.131,
IDEA,Stuhl,Birke,15798-544qmurl-5396,Alpha,15.6,2021-07-06 15:08:22,105.81,5.812,
Herrmann Bretter,Bank,Birke,61152-0kidga-4321,Alpha,12.48,2021-07-06 15:08:23,75.64,15.638,
Hansen,Tisch,Kiefer,65418-4uiaxg-2301,Beta,21.4,2021-07-06 15:08:24,169.81,20.85,
Porathholz,Tisch,Kiefer,98494-67eqdjr-835,Gamma,21.4,2021-07-06 15:08:25,170.03,21.087,
Walter Baumhaus,Regal,Fichte,70634-2kdxlo-2760,Beta,11.5,2021-07-06 15:08:38,53.71,2.852,
IDEA,Schrank,Kiefer,34055-8hytup-953,Alpha,32.1,2021-07-06 15:08:40,248.2,50.732,
Herrmann Bretter,Bank,Buche,22082-491kxnzp-3885,Alpha,12.24,2021-07-07 10:21:35,79.16,15.963,
Fuchsbau,Tisch,Tanne,89795-100xitnl-2313,Alpha,21.0,2021-07-07 10:21:36,168.82,20.909,
Weser Baumschule,Hocker,Buche,78202-517yfesw-7277,Beta,7.14,2021-07-07 10:21:37,42.31,1.925,
Hansen,Tisch,Buche,51888-64rgamk-5726,Gamma,20.4,2021-07-07 10:21:38,175.0,20.833,
